101097:101064;18012
10126:15671;10125
101279:27110;101333
1046:17883;
10618:17883;
113373:37054;29101
113449:17879;29101
113451:29101;38290
113455:16150;29101
114126:29101;17120
114249:39745;29101;15377
114786:29251;29101
114954:29101;29749
115087:29101;37154
115156:29101;29806
115197:16918;29101
124988:16134;
124995:;;50186
125140:;50186
125690:16737;
125691:16737;
125692:16737;
125693:;
125694:;
125695:16737;139217
125696:30146;17883
125697:16737;
128458:29101;59039
131139:;
131182:7549;17883
131183:7549;15378
131331:81494;27376
131361:18212;29101;15377
131366:38889;29101;15377
131371:29034;18367
131372:29034;18367;15377
131378:15377;29033;16189;28938
131387:29034;16189;15377
131389:35809,35810;18420
131391:18420;16947
131394:15377;18420;17996
131395:15377;63041
131488:47495;17883
131514:131510;17883
131516:131511;17883
131523:15377;29035;16189
131524:15377;29035;16189
131526:41609;29103
131527:43474;29103
131529:17310;17883
131531:16410;17883
131532:16410;17883
131804:47266;131796
131805:47266;131800
131839:18262;29101
132089:58083;29101
132092:58083;29101;15377
132094:29101;29805
132095:75224;29101;15377
132096:132097;29101
132099:36264;29101;15377
132100:29101;25646
132101:29101;30839
132103:29101;49706
132106:29101;17272
132107:15377;29101;18367
132108:15377;29101;
132109:29101;25629
132110:29101;132111
132112:29101;16094
132140:16183;15377
132180:81974;17170
132317:;29108
132318:;18420
132481:15366;42820
132748:16632;29101
132751:;17996;15377
132753:28621;17883
132758:15377;;16189
132762:29105;16189;15377
132764:30623;29101
132765:75224;29101;15377
132766:25548;29101
132767:18361;29034
132769:;29101
132891:132890;58040
132892:132890;29103
132913:64021;17883
132914:64020;17883
132932:58115;29101
132969:17549,356416;17883
132982:132980;17883
133014:133017;15671
133108:133107;29103
133129:133128;29103
133214:133191;
133215:133192;
133230:131899;28938
133231:133193;28938
133234:133170;17883
133326:16189;37136
133341:17996;72322
133488:17996;
133489:17996;
133553:4947;16995
133554:4947;17883
133863:133862;29034
133924:30832;28568
133944:133943;29101
133947:133945;29101
133976:;29101
134687:7465;17883
134692:134689;55403
136540:27924;17883
136696:136690;29101
136697:136718;29101
137066:137065;29101
137070:137069;29101
137073:29101;137072
137078:137075;29101
137090:137088;29101
137392:17996;81850
137425:137424;29108
137471:137472;15377
137694:88220;17883
138164:138163;29101
138465:39073;51617
138841:138885;17883
138886:138885;15378
139495:29101;60150
139496:;;;;
139501:;28938
139502:29108;;29356
139608:15858;94552
140536:29101;59175
141644:29101;60268
15697:;
15797:15858;72290
16726:17996;28064
16986:15858;57975
179557:15858;7514
18219:28938;16234
18290:17996;9532
18338:17996;9533
184644:15377;29101;;
21100:15378;37546
21182:15378;17996;37595
21183:17883;37594
21184:17996;51070
21397:15378;37547
228275:16382;52787
23414:29036;16189
2361:26836;421707
2380:17883;2379
2402:18300;2401
2417:17996;15355
24624:27376;52768
2550:2549;26836
2566:15377;29101;50647
2619:17996;48320
2628:17996;2627
2638:26836;2637
2640:15377;17883;2639
2645:25017;28044;18186;27897
26491:17594;16509
2659:28177;30347
2661:29101;137598
2664:17883;2663
2667:2666;17883
2669:64455;2668
26709:29101;17137
26710:29101;17996
26711:29101;29747
2739:15858;
27502:33198;28593
2761:29103;15377;
278547:29101;40910
2789:17883;2788
28148:15377;29101;
28163:;
282662:15858;41378
28312:33198;3614
28358:422;42111
28486:26836;15377;17486
28510:17996;25863
28569:;47962
28741:17051;29101
28786:17996;34905
2911:15377;29108;50690
2913:;29103
2915:64457;2914
29321:29101;7596
29377:29101;41609
2947:18300;2946
2951:17883;2950
295756:15858;55325
2964:;17883;15377
29678:29101;
2969:15378;17996;2968
29708:18391;29105
30057:29103;49491
30058:29101;49491
30059:29103;5032
30060:29103;5020
30061:29101;5032
30062:29101;5020
30067:28938;5032
30068:28938;5020
30069:29034;5032
30070:29103;30368
30071:29103;49928
30078:17996;49482
30115:15377;30114
3012:3011;17883
30141:29101;30139
30142:49713;30139
30174:15378;30175
30176:29101;15377;30175
30178:29101;30175
3020:17996;
30332:;;
30333:;
30340:17051;49468
30341:17996;49468
30346:29036;30347
30350:29036;30348
30379:49786;
30381:;
3049:25224;
30617:18420;30616
30665:25805,29194;
30667:;;
30718:16134;
30722:;;
30723:;;
30724:;
30726:;
30729:29034;
30730:29033;
3078:29101;68604
30792:;
3085:17996;3084
30951:29103;18022
30952:29101;18022
30961:17883;16709
30979:;
30982:;
30991:;
310388:17883;100241
31158:95216;17883
31161:;49470;16234;;;;
31163:29101;50634
31171:74619,77980;17883
31172:78320;135032
31185:17996;55313
31187:135326;17883
31191:15378;17996;51211
31198:;17883
31202:15377;29101;75917
31204:29101;64703
31206:17996;28938
31208:135592;17883
31209:15377;28971
31224:29101;
31228:15378;15377;17996;48538
31229:17883;135370
31233:26836;37922
31234:16467;16015
31235:16467;17883
31239:17883;135569
31242:26836;37923
31243:15378;16189;37924
31246:17883;91712
31251:;16189;
31253:;17883
31254:;17996
31255:26836;28098
31256:18012;135205
31258:17883;
31260:17996;
31262:17883;64187
31264:17996;
31266:17883;94563
31270:;29101
31271:17996;16118
31274:27376;35677
31279:16189;;
3128:15378;29806;3127
31280:17883;59170
31281:64455;71204
31282:17996;
31283:;58261
31285:;17996
31289:;30089
31298:30794;76749
31300:15377;51450
31301:16469;17347
31303:17883;77032
31309:18012;135701
31313:;29101
31315:17883;135297
31316:17883;135376
31318:16234;18420;49470;41609;32508;15365
31320:135576;17883
31321:17883;
31322:17883;77431
77441:17883;77431
31323:17883;135123
31324:15366;135907
31325:17883;3238
31332:15377;27732
31336:29108;58083
31337:29108;29993
31338:29108;15858
31339:29108;;
3134:25224;
31340:65340;29108
31341:16234;29108
31342:29222;29108
31343:30245;29108
31346:29108;16189
31347:135632;27376
31350:;29101;15377
31351:;29101
31352:94484;30769
31353:18300;3398
31354:135525;17883
31357:;30089;29101
31358:29101;52016
31361:18300;135729
31363:29101;
31364:29101;
31365:;29101
31368:15377;17883;17996;59349
31369:17883;135812
31370:15378;17996;55490
31371:;29101;15377
31372:;29101
31373:17883;59211
31374:17883;355510
31375:29101;
31376:29101;
31377:29101;59214
31378:26836;
31380:29101;
31382:;29101
31383:29101;
31384:29101;55494
31385:94461;17883
31387:15366;59224
31392:135207;17883
31393:3614;17883
31396:15741;135083
31398:57603;
31404:15377;30769
31408:;
31409:52140;17883
31410:17883;174690
31416:17883;94381
31419:;94448
31420:94448;17883
31422:134887;17883;15377
31423:17883;135727
31430:17883;681850
31431:29036;18391
31440:29036;15377;16189
31449:17883;
31453:17883;64317
31455:47266;391960
31456:41977;17883
31460:15378;25224;4356
31462:17883;135735
31466:17996;41872
31472:17883;4466
31473:17883;135389
31474:103934;17883
31476:93394;17883
31480:;17883
31481:17883;4638
31482:;17883
31487:27376;59919
31489:135276;26078
31490:27376;59912
31492:;36386
31494:;17883
31495:17883;135374
31496:;26078
31497:15671;135233
31499:135616;27376
31500:135222;18300
31502:9754;15553
31507:16382;
31508:17996;
31510:15858;
31512:15858;
31514:;15858
31518:15377;135928
31519:17996;
31520:15377;17996;
31522:28748;17883
31526:17883;36795
31532:17883;;16236
31540:77070;17883
31541:15407;17883
31548:29101;57403
31551:17883;82716
31553:47266;134944
31554:18300;4822
31562:29101;68644
31563:71157;85259
31567:135074;30769
31568:17883;313639
31569:;17883
31581:17883;134963
31582:91518;17883
31587:27376;15377;135709
31588:;17883
31589:;17883
31591:29101;
31593:17883;43871
31601:47266;149226
31602:30769;119915
31605:16947;
31606:15377;;29033;
31607:29806;29033
31608:18391;29033;15377
31613:;29101
31615:29101;52037
31621:135652;17883
31626:17883;5128
31631:135639;17883
31632:29101;
31641:93036;27376
31642:15377;37333
31644:49618;
31645:16947;
31647:15378;17996;175901
31661:135609;17883
31670:37950;26836
31671:17883;91588
31672:17883;5775
31680:;50187
31681:15858;
31686:17883;42068
31688:93829;15671
31690:27376;45783
31691:17883;135654
31694:135202;27849
31695:90120;29101
31696:29101;
31704:31176;59732
31714:31713;59732
31720:134804;17883
31721:93307;18300
31722:26836;37951
31724:30769;
31729:;29108;
3173:27023;3172
31730:;29101
31734:135183;17883
31735:91855;17883
31750:18012;92511
31760:17883;135809
31762:;17883
31766:;17883
31768:17996;
31771:17883;
31772:17883;6149
31773:6838;17883
31776:15378;30780;51164
31777:;17883
31778:;29101
31780:17883;47782
31786:15377;29101;76199
31791:135325;17883
31792:6633;15366
31793:18420;41609
31795:18420;15377;16189
31797:49618;59732;35752
31800:;17883
31802:17883;135656
31805:17883;15377;6709
31806:17883;41531
31812:;59731
31815:135214;17883
31816:;15671
3182:27376;3181
31820:17883;93147
31822:15377;50667
31824:29101;58319
31830:17883;134817
31834:15858;
31836:17996;51856
3184:18300;3183
31843:15378;17996;51137
31844:81283;26836
31847:17883;6933
31848:27732;31225;30769
31849:;15671
31854:94468;17883
31862:;18300
31865:17883;135500
31866:;17883
31868:94754;17883
31869:135694;17883
31892:7459;17883
31900:17883;135281
31901:134915;30769
31907:45213;15671
31909:17883;
31913:;17883
31914:18012;
31918:17883;134779
31924:29101;71339
31925:91656;17883
31931:17883;15377;134712
31933:17883;
31934:;29101
31935:135685;
31953:17883;133011,27701
31954:17883;134938
31973:51345;51355
31978:59118;30794
31979:59118;18300
31982:135126;30769
31984:17883;6754
31987:29103;52428
31990:18300;91591
31996:17883;80680
32000:17883;
32001:135127;17883;15377
32004:17883;78549
32005:75250;15377
32006:15377;26078;28568
32007:91986;17883
32008:17883;135438
32009:17883;135101
32012:17883;8245
32014:15378;17996;8247
32017:135436;17883;15377
32018:135287;17883
32024:;29105
32025:;17996
32026:38685;27561
32029:29103;30089
32030:29103;15858
32032:18391;29103
32033:29103;85539
32034:35398;29103
32035:16234;29103
32036:29103;16189
32038:16382;8354
32044:;29102
32052:15858;
32053:17996;
32056:17883;91585
32057:18300;76263
32059:59771;8461
32062:29103;52435
32069:30769;135191
32088:17883;135156
32091:17996;
32098:;29101
32100:135767;17883;15377
32102:8872;17883
32107:94758;17883
32108:16234;49847
32112:29101;
32113:;17883
32120:17883;59560
32121:27376;45279,63621
32122:135697;17883
32125:;29101
32127:17883;37144;
32129:17051;33049
32130:49468;17632
32132:29101;
32133:29101;;15377
32137:29101;85546
32138:29101;15377;30089
32139:29101;17544
32141:41609;29101;15377
32142:15377;29101;16947
32143:29101;
32144:29101;
32145:16234;29101
32146:29101;29222
32147:29101;
32148:15377;29101;57905
32149:29101;16189
32150:29101;15377;16094
32151:15741;135530
32158:26836;17076
32160:29101;52436
32165:6633;131723
32169:15377;29101;62086
32170:15378;27023;51770
32179:17883;93327
32180:15377;
32186:33371;43945
32187:;33371
32189:17883;15377;
32190:135771;17883
32194:17883;135168
3220:3219;17883
32214:30089;28177;29101
32216:15378;30780;9544
32218:59120;27376
32219:17883;104017
32220:94666;17883
32222:135504;17883
32224:;16382
32225:135291;17883
32226:15858;
32228:135353;17883
32230:15858;90960;15377
32231:;135141
32233:135853;27376
32237:;28123
32238:;29108;
3224:3223;17883
32244:93835;17883
32245:15378;;9622
32247:135150;17883
32248:15377;27849;77581
32251:17883;134893
32259:15378;30780;45951
32261:18300;94458
32262:17883;94789
32263:58217;
32265:15377;17883;84116
32268:;26078
32272:17883;93856
32273:29101;
32286:15378;17996;51141
32287:135748;17883
32288:15858;
3229:;29101
32291:;17883
32295:26836;36373
32296:15671;
32302:48520;17883
32307:50663;15377
32312:29105;15377;16189
32313:29105;83041
32314:15378;15377;17996;10119
3241:48107;3240
3243:15672;3242
32583:29108;15377;16189
32584:29108;15377;16189
32586:29101;15377;16189
32588:17996;29103
32590:15138;37136
32592:16234;37136
32596:29108;43474
32598:29108;18361
32599:18420;16189
32617:29101;
32735:17996;30087
32915:17996;32914
32954:29101;30089
33025:49591;33027
33026:49591;37593
33035:;
35851:;
3310:29108;30089
3311:29108;41609
33112:15377;31767
3312:17996;29108
3314:29108;59200
33146:30046;16189
33167:29101;16382
331697:17883;127342
33191:17514;29103
33192:17514;29101
33283:17996;18385
33418:;;;
33481:18367;
33601:17996;
3385:17996;
3395:15377;39585
3396:15765;94430
33979:49713;16234
33988:16234;49547
3404:46097;59205
3438:17996;61202
34381:16382;
34382:16382;
34502:27376;59909
34532:15544;40585
34533:29101;
34535:29101;50658
34546:15377;2955
34551:17883;
34574:17996;
34598:17883;
34609:29101;51897
34612:29101;51906
34614:29101;53652
34615:53657;29101;15377
34616:26836;3496
34617:29101;59358
34618:15377;3510
34647:135866;17883
34650:29101;59661,59666
59663:29101;59661,59666
34653:;29101
34659:29101;38895
34683:29101;43474
34691:29101;52017
346954:15858;55321
34704:27376;59925
34706:27376;
34720:30762;
34730:15377;17996;16236;;
34742:42355;28842
34789:29103;52059
34804:15671;
3481:29101;73088
3483:29101;53657
34836:29101;15377;52064
34845:17996;
34850:15378;24996;50693
34858:27902,77932;17883
3490:29101;52439
34902:17883;
34906:29101;
34912:15378;30780;8028
34913:17883;135041
3492:29101;52441
34923:15377;
34932:15378;25224;8435
3494:29101;
34951:15377;
34954:15377;17996;
34956:17996;
34978:29101;15377;51350
3498:29101;53670
34993:15378;17996;9391
3501:29101;53655
35017:29101;51811
35030:30780;
35086:17996;
3509:15377;3508
35095:38899;38898
35102:30502;16234
35105:16234;35104
3512:29101;55498
3514:;29101;15377;
3517:29101;
35176:29105;16189
35340:17883;6809
3535:15377;3534
35400:15378;30928
3542:29101;50897
35433:29108;39745
35437:17051;29108
3545:29101;59217
35453:15378;42819
35511:15571;15377
3559:29101;406059
35607:29101;46442
3562:3561;17883
3565:;15858
35657:29103;35656
35659:29103;35658
3566:15377;17996;32914
3567:15858;39561
35696:17996;48828
35778:49618;35752
35863:29101;
35864:29101;68613
36049:29101;36048
3612:17883;3611
36122:17996;31967
36148:15378;17742
36149:15378;11596
36273:29101;29746
36276:29101;36257
3637:17883;3636
36383:17996;35104
36385:15377;36383
36409:;
36410:;
36411:;
3645:18300;52010
36453:15378;16087
36454:15378;16087
36455:15378;30904
36456:15378;30904
3649:15378;17996;3647
365445:15378;30780;60527
3668:30762;
36804:17996;
36805:17996;
36806:17883;36797
36808:17883;36796
37192:49807;37189
3721:64457;
37269:;;;;
3739:18012;3738
37402:29036;37401
3744:15858;3743
3753:15378;16947;3752
3755:17883;47780
3758:17883;3757,46632
37583:29101;18367
37585:29101;39745
3759:15378;45696;37941
3762:16234;29103;59590
37648:17996;6584
37664:17996;27475
37867:49470;25629
37993:16382;37994
37995:16382;38006
38004:17996;37994
38005:15858;37994
38007:16382;38008
38021:17996;3978
38076:49786;37401
38211:29103;29223
38213:17883;6820
383703:17996;60585
38495:49470;33468
38695:10545,16042,33429,46710;16366
38696:17996;16366
38699:29101;18172
38701:17996;28436
38888:29101;15377;38889
38892:29101;38889
38902:15378;38899
38909:29101;22908
38910:49713;22908
38911:29103;22908
38939:29101;
39077:29101;68617
39289:29101;39288
39440:17883;33534
39470:29101;39473
39483:29101;33141
3997:17883;3996
4026:15377;4027
41688:17996;77181
4221:17883;16176
4290:16382;
4318:29101;59697
43250:29235,33251,49637;
4379:27376;119573
4391:15858;59719
4449:15378;17996;47781
4462:29101;68638
4465:18300;4464
4471:15377;47266;92579
4496:29108;15377;43474
4508:29103;48311
4509:29101;48311
4515:17996;
4528:4527;30769
4604:59778;
4637:17996;
4647:17883;4646
4658:26078;4657
46659:15858;5956
4667:29101;39867;60654
46692:29101;68611
4671:17996;
4674:;29101
46758:29101;46757
46828:15378;29959
4683:27376;4682
4696:15378;17996;53289
4698:18243;17883
4703:17996;
47050:;
4709:15378;25224;4708
4711:17883;
4725:17996;
47548:;
4757:;29108;29101
4759:17996;251408
4762:41948;15377;17883
47644:;
47654:;
47655:;
4785:18300;4784
48296:48312;48311
48391:17883;48390
48409:27376;4814
48454:48596;
48456:48596;
48457:48598;
4846:45599;48913
48556:17883;48552
48557:17883;48555
48566:17883;9566
4857:17996;
48601:17996;48604
48602:17996;17159
48603:17996;50447
48607:49713;17996
4873:17474;28568
4878:17996;
4883:15858;42478
488385:15858;55313
48843:29101;18212
48883:16914;27953
4905:4904;17883
4906:29101;77356
49105:;17996;17883
49976:17996;29105
50001:50000;50002
50003:17996;
50011:29101;50012
5003:27376;5002
5005:15377;29108;60566
5010:29108;60566
50140:17883;6807
50142:17996;6804
50144:29101;15361
50162:15377;50161
50178:15378;16189;3638
50190:30769;50189
50194:15378;25224;50199
50213:6650;50212
50214:18300;50212
50224:15378;17996;50223
50240:25224;8354
50270:29101;50358
50292:48775;16189
50309:18420;77264
50362:15378;17996;3699
50373:15858;
50377:15378;17996;4975
50386:15378;17141;30929
50506:17996;50508
5051:5050;17883
50512:17996;
50652:15378;15377;17996;2674
50679:29101;50681
50682:29101;50680
50686:29108;50690
50687:17883;6909
50697:15378;17996;50694
50727:17883;50729
50731:15377;26836;17303
50732:29101;
50740:8772;17883
50854:15378;17996;50851
50863:29101;
5089:17883;5088
5091:15366;75984
50928:50924;27849
50937:29103;50939
50973:15378;16189;34665
50985:29101;30157
50989:30157;28938
51016:15378;16189;5557
51017:15378;16189;5557
51025:15378;15377;17996;51024
51030:29108;51029
51037:15378;17996;51032
51040:15378;17996;51038
51042:29108;51128
51044:15378;30780;51043
51045:17883;3994
51063:26836;132233
51064:15378;16189;4469
51110:15138;29036
51114:15138;49552
51147:15377;17883;8356
51148:17883;8356
51157:15378;30927;3175
51161:15378;17996;8736
51176:15378;15377;25476;
51178:15378;17996;
51179:15378;15377;25476;51173
51193:26078;18295
51213:15378;17996;51210
51222:16382;52948
51224:16382;52947
51225:16382;52936
51240:16382;51246
51241:15378;30780;51235
51254:15377;2676
51255:29101;51256
5126:5123;17883
5129:17883;5128
51330:15378;17996;51329
51342:29103;50658
51343:51345;50658
51351:51345;51350
51352:51345;51354
51357:29101;51350
5139:18300;5138
51436:31941;51434
51441:51435;51439
51474:16382;
51484:45791;52791
51498:;;
51502:16382;52786
51556:49547;33037
51557:29103;30329
51558:29101;30329
51559:49547;30329
51561:49847;30329
51563:49547;30056
51564:29103;30056
51565:29101;30056
51566:49847;30056
51567:29103;36569
51568:29103;36576
51600:16382;52783
51607:16382;52946
5162:28915;9754
51639:45791;
5164:29101;59125
51697:29101;51699
51700:29103;51699
51739:15378;17996;87346
51742:15378;17996;
51746:45791;63290
51753:49713;52790
51756:15378;
51760:15378;29101;
51761:29101;51762
51765:29101;51354
51787:49706;52792
51789:49706;
51794:49706;
51799:15377;471744
51800:49706;
51801:49706;52793
51806:49706;
51809:49706;
51810:49706;
51812:49706;52795
51813:49706;
51814:49706;
51815:49706;
51816:49706;52796
51818:49706;52797
51821:49706;52799
51823:49706;52798
51825:49706;52800
51826:49706;
51827:49706;
51828:49706;
51829:49706;52801
51830:49706;
51831:49706;
51832:49706;
51864:29101;51863
51876:17883;51874
51878:16382;52802
51882:16382;52803
51895:16382;52806
51898:16382;52807
51899:16382;52805
51901:16382;52813
51902:16382;52814
51919:29101;15377;51918
51943:49706;52815
51946:29101;52821
51947:29101;63291
51948:29101;52822
51949:29101;63292
51952:29101;52823
51956:29101;52824
51957:29101;63293
51966:29101;52825
51968:29101;63294
51969:29101;63295
51974:29101;52827
51975:29101;63296
51977:29101;52830
51980:29101;52833
51981:29101;63246
51982:29101;63297
51984:29101;52834
51986:29101;52835
51988:17996;45825
51990:17051;45825
51993:15858;45825
52019:29101;15377;52017
52024:16382;52816
52027:49706;52817
52029:49706;52818
52032:49706;52819
52033:16382;52820
52040:29101;15377;52037
52053:29101;52836
52055:15378;17996;
52063:29101;52062
52065:29101;52064
52067:29101;52066
52068:29101;15377;52066
52072:29103;52844
52077:15858;52850
52078:15858;
52081:29103;52860
52083:29101;52861
52096:29101;52092
52097:16382;52862
52098:16382;52863
52099:49706;52864
52100:49706;52865
52101:29101;52866
52103:16382;52867
52104:49713;52868
52106:49713;63298
52115:17883;52114
52121:29103;52869
52122:49706;52870
52129:29101;52872
52131:17996;
52133:17996;
52134:29101;52132
52139:52146;51354
52151:52149;51354
52154:15378;8430;51354
52155:17996;9494
52156:17996;
52160:15378;8430
52163:17996;52168
52164:49706;52168
52167:17883;52166
52173:51355;52171
52175:29103;52873
52176:29103;52874
52177:29103;52875
52179:29103;52876
52191:49706;52186
52193:15378;
52195:49706;52878
52218:16382;52877
52219:16382;52887
52220:16382;52888
52237:16382;52885
52238:16382;52886
52250:15378;16189;15854
52251:15378;15377;16189;15854
52252:17996;52889
52256:17996;52890
52259:15378;17996;
52260:15858;52892
52261:29103;52904
52263:29103;52905
52264:29103;52906
52265:29103;
52266:29103;52907
52270:46020;52911
52273:15858;52919
52275:29101;52921
52281:17996;
52291:45791;52923
52293:27023;52924
52294:30089;52926
52295:17996;52926
52296:16382;52927
52297:16382;52928
52298:16382;52929
52299:16382;52930
52311:49706;52312
52315:17996;52893
52334:17996;52896
52336:17996;52933
52358:17996;;
52359:17996;;
52434:29101;52438
52467:;
52476:29101;50526
52497:29035;77308
52498:29105;77308
52652:17996;
52662:49713;52953
52663:49713;52954
52672:17996;52895
52677:45791;52955
52694:16382;52804
52695:29103;52958
52712:15378;17996;3061
52715:15378;15377;17996;3061
52723:15377;17996;;
52725:29101;52740
52727:16189;52728
52729:;
52751:15377;18420;87093
52771:16382;52920
52778:;
52780:15858;52935
52781:16382;52812
52788:15378;87346
52789:15378;
52843:15378;
52931:;
52932:;
52967:15377;87093
53001:49786;16189
5312:26836;
53187:;
53191:;
53209:;55319
53233:15858;53238
53258:29101;16947
53350:29101;53069
53351:17996;49544
53367:15378;17996;53432
53437:49786;15377;16189
53438:29034;16189
53442:17996;49544;15377
53444:29103;33141
53452:17996;
53470:48828;16189
53471:49544;16189
53473:30502;16189
53474:49713;16189
53502:30502;15377;16189
53503:15377;17996;48828
53504:15377;49786;16189
53509:15378;17996;114785
53542:15377;17996;49786
53553:17883;53552
53558:17883;16855
53581:17996;39561
53615:17883;87654
53622:29101;53623
53626:17883;30347
53633:17883;18019
53635:26836;7489
53636:26836;7508
53637:26836;53634
53667:15377;3479
53675:29101;53676
53692:29101;59731
53696:29101;32761
53711:15378;15858;
53726:29101;
53730:29101;53733
53731:29101;53734
53749:27376;101853
53750:15672;
53757:15377;27376;10119
53767:29101;53787
53777:18012;601027
53779:27376;53778
53781:6650;520985
53783:15378;17996;253342
53785:30769;518413
53786:17883;518413
5521:17883;5520
55316:15858;15355
55317:15858;46020
55318:15858;55319
55320:16382;271685
55326:35398;347401
55340:17883;17303
55345:17883;142290
55348:17883;15377;17303
553542:17996;5956
55368:17883;28925
5538:17883;94501
55387:29101;55390
55388:29101;30081
55413:26836;55416
5548:16856;15545
55524:17883;222828
55539:17883;357241
5554:5553;15366
5556:26836;5555
5559:5558;17883
5592:16382;
5708:;58261
5780:15378;15377;30924;5779
5781:29101;68633
5782:29101;
5791:15378;17996;5790
5807:17883;15429
5819:15378;17996;5818
5857:18012;5856
5868:48107;83829
5882:17996;
58965:29101;
58987:30769;9139
5899:26836;44032
58994:15377;15600
59008:57603;
59033:29101;62086
59044:17996;
59046:17996;
59067:15858;59068
59164:15377;29101;59165
59167:17883;553827
59169:17996;
59171:17996;
59176:15377;29101;59175
59178:17996;
59182:17883;59179
59183:17883;59180
59186:17996;
59187:17996;
59190:25224;
59191:25224;
59199:15377;29108;30089
59223:85259;59219
59247:29101;59248
59255:17996;
59256:17996;
59262:17996;59260
59263:17996;59261
59273:18300;59269
59289:48107;59287
59290:48107;59288
59304:17996;
59305:17996;
59330:18300;59329
59337:17996;59338
59390:29101;59392
5948:29103;
59495:15377;3696
59511:29101;59512
5953:;29101
59569:17883;59567
5957:15858;15377;5956
59570:17883;59568
59586:29101;59585
59587:15377;29101;59585
59591:29103;59590
59604:28938;30119
59606:29101;30119
59607:17996;
59608:29101;30118
59646:15377;59374
59649:17883;599440
59664:29101;59667
59674:16189;;
59675:16189;;
59690:17883;59688
59691:17883;59689
59693:17883;59692
59695:17883;4046
59709:17883;59706
5971:80630;17883
59710:17883;59707
59715:29101;59712
59716:49713;59712
59725:17883;4392
59728:15377;15366;4450
59729:17996;
59730:17996;
59733:15377;53691
59735:17996;
59756:27376;4562
59757:15671;4562
59782:58261;
59784:17996;
59790:17996;
59809:15377;4672
59812:30780;
59819:17996;59818
59821:17996;59820
59823:17996;59822
59824:;
59837:17996;
59849:16382;4753
59862:17883;59860
59865:18300;4779
59877:15377;4786
59880:17883;4788
59900:15366;
59902:15377;473990
59936:15377;17883;100241
59938:17883;100241
60070:29101;60071
60124:28938;60127
60128:28938;60130
60132:28938;60133
60134:28938;60138
60142:28938;60146
60147:28938;30118
60149:28938;60150
60269:15377;29101;60268
6028:17996;
6044:16382;
60579:29108;30623
60608:17996;
60641:17996;
60648:15377;50845
60720:29101;
60787:15377;9599
60789:15377;17883;77431
77449:15377;17883;77431
60791:15377;17996;
60800:17996;
60803:17996;
60868:27110;
60902:17996;
60906:15377;17996;61172
60937:17996;
61000:29101;
61039:29101;
61040:17996;18132
61045:29101;61046
61052:29101;61054
61057:15377;61049
6109:26836;17630
61113:;
61176:47266;50922
61193:17883;3205
61208:17883;61203
61217:29101;61220
61219:17996;45652
61225:15377;17996;45652
61226:29101;61228
61263:15378;3240
61271:47266;16794
61272:15377;47266;16794
61276:15858;
6130:46097;76229
613010:17996;60056
61324:16382;61322
61327:17996;61326
61335:16382;61333
61340:17996;61337
61342:17996;61341
61348:17996;61347
61350:38899;61349
6213:15378;17996;28918
62268:17883;90936
62946:28938;16189
62947:28938;30089
62953:29103;62954
62955:29101;39006
62956:29101;16223
62964:18420;30089
62965:29101;15740
62982:28938;39745
62983:29101;15792
62984:29105;30089
63004:29101;15858
63005:29101;17632
63006:15377;18420;15740
63017:29101;30924
63018:29103;30924
63019:29101;29103;30924
63020:17996;49962
63021:17996;30027
63036:29103;39745
63037:28938;16947
63038:28938;17632
63039:17996;49547
63040:28938;16382
63042:49713;15858
63043:29103;17632
63045:49713;30089
63050:28938;15740
63051:28938;43474
63055:29101;39034
63075:28938;30924
63076:28938;35810
63077:29101;
63078:;30089
63108:18012;408174
63109:18012;63081
63112:17883;63115
63125:29101;63131
63315:49713;17632
63316:29103;15740
63317:17996;37136
63333:15366;63357
6344:6343;17883
63530:15366;5739
63597:15366;6427
63614:29101;63719
63639:29101;68630
63675:29101;30031
63686:15377;29101;30031
63699:15378;63611
63716:15377;63625
63718:18012;63717
63722:29101;63724
63723:15377;29101;63724
63827:29101;63832
63858:15377;29101;63857
63877:17632;
63878:57603;17632
63879:566789;30089
63880:566789;15740
63881:566789;25224
63882:566789;17632
63883:566789;63894
63884:566789;17272
63885:566789;27110
63928:29101;63929
63935:17883;63937
63938:15377;35456
63939:15377;29101;46502
63940:29101;46502
63942:15378;29101;63945
63960:17632;
63964:17883;63971
63978:47266;63988
63996:47266;64001
64002:47266;64004
64053:15378;30780;64055
64057:17883;64060
64065:17883;64061
64067:17883;64069
64078:17883;64080
64081:17883;64083
64082:15378;64083
64086:17883;64089
64091:17883;64093
64094:17883;64098
64099:17883;64101
64100:15378;64101
64103:29101;17968
64104:29101;64107
64111:17883;64114
64115:17883;64117
64123:47266;64131
64134:18300;64137
64139:17883;63058
64140:15378;63058
64144:18300;64145
64147:16995;64149
64151:47266;64156
64157:15378;64156
64158:17883;64159
64162:15378;30780;64164
64165:47266;64177
64193:15378;64177
64194:18300;7936
64199:17883;64200
64202:18300;64203
64205:29108;17632
64220:29101;14321
64243:29101;29985
64244:29101;29986
64301:29108;64302
64311:59732;64321
643228:17996;
64323:17883;64312
6433:17883;6432
64358:15671;8874
64359:15741;10650
643703:17996;
64384:29101;64385
64386:29101;64387
6439:17883;6438
6442:17883;6441
6445:6444;15671;15377
6446:29101;60302
645509:17883;101278
64682:15378;6909
64700:17883;18139
64701:17883;18127
64733:29103;16947
64734:29101;64755
64735:49713;16947
64736:18420;17632
64746:15377;29103;16947
64754:49713;15377;16947
64758:15377;29101;64755
6484:29101;60308
6485:60308;29101;60302
6503:15377;43755
6504:49713;41609
650657:17996;
650917:15377;17883;4046
65133:16382;72542
65138:17883;65209
6518:17883;116278
65242:29101;49709
652822:17996;
652992:17996;
6533:17883;6532
65344:15858;65346
65350:17883;65353
6537:15377;
65464:29101;71183
6549:15378;30031;50841
65567:29101;71326
65640:29101;68597
65888:29101;68592
65889:29101;68593
65917:17883;68660
65969:29101;72300
65970:29101;72303
65971:29101;72306
65972:29101;72309
65996:29101;72476
65997:29101;72478
66004:47266;72481
66018:29101;75638
66019:29101;75640
66069:29101;72635
66258:29103;83882
6636:18420;17996
6637:16234;18420
66548:29101;72791
66852:15377;17883;65353
66869:15366;9754
66870:29101;42160
66871:17051;28938
66872:17051;29103
6691:17883;6690
66917:26078;66919
6707:6706;17883
67096:17996;49980
67098:26078;9754
67099:29103;39006
67100:9754;18300
6711:29101;76230
67155:29101;62932
6719:63687;17883
67202:17883;
67217:17996;67216
6753:15858;
6756:6755;26836
6760:17883;6759
6763:90220;29101
6770:15377;43968
6781:64455;6780
6795:15378;30924;6794
6802:6801;17883
68046:29101;
6806:17883;6805
6818:15858;
6825:18089;6824
68300:45892;31027
68301:45892;
68302:45892;
68303:45892;
68304:45892;
68305:45892;31919
68306:45892;31043
68307:45892;31667
68308:45892;
68309:45892;
68310:45892;
68311:45892;
68312:45892;
68313:45892;
68314:45892;
68315:45892;
68316:45892;
68317:45892;
68318:45892;42944
68319:45892;136557
6834:29101;60792
6840:17883;6839
6845:15858;
68533:15377;39112
68573:18300;68575
68602:17883;68606
68605:15378;68606
68635:15378;29101;70836
68646:68647;15377
6872:17996;43830
6874:92607;18300
6884:17996;17728
68847:29103;68849
6890:;29101
68901:27110;
68902:27110;
68903:27110;
68904:27110;
68905:27110;
68906:27110;
6894:92629;18300
6899:15377;17883;107736
6901:16382;
6905:15741;6904
6906:15671;6904
6917:17996;
69280:29101;
69281:29101;
69282:29101;
69283:29101;
69284:;
69285:29101;
69286:29101;
69287:29101;
69288:29101;
69289:29101;
69290:29101;
69291:29101;
69292:29101;
6932:17883;6931
69398:27110;
69399:27110;
69400:27110;
69401:27110;
69402:27110;
69417:27110;
69418:27110;
69419:27110;
6959:;17996
6961:6960;17883
69648:17996;
6966:6965;17883
69750:15377;69749
6993:29101;49165
6996:17996;
7003:26836;17303
7008:17883;63611
7070:17996;46020
70705:17883;70707
70710:27376;63587
70714:15377;15366;70718
70715:15366;70718
70732:17883;70735
70743:27376;70746
70751:15378;70746
70839:15377;49375
71015:15377;71013
71197:30769;71200
71202:15378;71204
71217:17883;71219
71218:15378;71219
71240:29101;18361
71246:18300;71256
71248:18300;71257
71258:29108;71260
71271:15377;71272
71419:17883;71416
71420:15378;
71428:17883;71417
71431:15378;71417
71953:18300;71967
71956:17883;
71974:15378;
72014:15377;29101;72213
72295:18012;72292
72299:27376;72297
72313:17053;72312
72319:30797;72317
72321:72322;17996
72324:30746;72323
72443:17996;45358
72449:17996;44107
72702:17996;72717
73111:15377;4853
73272:15377;73274
73280:29101;73308
73340:16382;73467
73452:17883;73339
73545:16382;73475
73727:59732;73732
73759:17883;73755
7446:7445;15366;15377
7448:29101;51918
7452:17883;7451
7455:15378;17996;7454
7470:17883;93363
7471:;93363
74718:17883;8452
74723:17883;8452
74727:17883;17996;60585
74758:17883;74351
74768:49470;16189
7477:29101;59527
74779:15377;49470;16189
74780:15377;49470;16189
7479:15378;17996;7478
74834:28938;74832
74837:17883;74789
74842:15378;74838
74843:17883;74838
74889:15366;74880
7493:29101;51029
7495:17883;7494
7497:27376;7496
75033:17996;75314
75035:17996;75318
75040:;75037
75048:27376;75045
7516:58261;7514
75178:16240;16199
75192:49920;30089
75193:17996;75197
75198:17996;75202
75213:15377;29101;36264
75215:29101;36264
75221:29101;75224
75226:29101;49826
75227:29101;
75228:29101;24996
75229:29101;29223
75248:29103;30477
75249:29103;35404
75258:27446;75262
75267:15378;75262
75273:29101;75274
75286:17996;75293
7529:26836;;
75316:29101;75317
75367:17883;75366
75421:17996;75422
7551:;17883
75733:17883;75725
75734:17883;75731
7576:17883;75270,75271
75832:29033;16189
75834:15377;29033;16189
75836:15377;29033;16189
75861:15138;29034;
75899:15138;29034
75908:75900;75911
75918:29101;75917
75955:29356;29036
75991:28262;75998
76003:18300;61390
76007:29101;76014
76015:47266;
76023:;17996
76122:15377;29108;76124
76123:29108;76124
76144:59732;76138
76167:29108;76169
76181:28938;15377;29033;16189
76198:29101;76199
76201:18019;76200
76208:29101;15138
76209:15377;29101;15138
76232:15377;29101;76230
76243:28938;29033;16189
76259:15377;76258
7641:7640;17883
76597:26836;76598
76600:17883;76601
77052:15858;32914
77249:29108;77313
77422:47266;36792
77423:47266;36791
77442:17883;60790
77453:15377;17883;6149
77454:15377;17883;60790
77568:27376;9763
77570:17883;32269
77599:15377;27849;77582
77602:29101;77600
77603:29101;77601
77604:15377;27023;77595
77605:27849;77581
77606:27849;77582
77607:27849;77584
77614:17883;9448
77655:16467;8024
77707:85259;77714
77719:29101;48600
77732:48775;17632
77739:17883;77734
7774:7773;17883;15377
77741:17883;77736
77760:;
77773:29101;15076
77775:29101;15075
77779:27376;77813
77782:27376;77814
77785:27376;77815
77789:17883;77813
77790:17883;77814
77792:17883;77815
77863:15858;77866
77868:29103;77869
77883:29101;77902
7790:30769;7789
77909:29101;77910
77912:29101;77917
77923:29101;77925
77937:29101;77959
77967:17996;77986
7799:26078;7798
78019:17996;78021
78028:17883;43996
78032:15377;17883;43996
78036:29036;17632
78039:27023;37447
78067:17996;30475
78074:15377;17996;30475
7810:29101;15377;52132
78153:17883;78155
78157:29101;78158
78161:17996;44296
7821:135610;50186
78244:17883;17996;78249
78246:17996;78249
7826:48107;7825
78292:29101;
78351:26836;2618
78374:15378;29101;78409
78393:26078;78388
78394:26078;78389
7857:15378;17996;7856
78570:16995;78567
7859:7852;17883
7863:17883;7862
7866:17883;7865
78667:29101;17441
78671:29101;35404
78672:17996;49847
7869:17883;7868
78720:49706;78721
78870:29101;16301
78897:29101;78899
78901:26836;609827
7904:29101;15377;
79040:15858;79041
7908:15858;7907
79345:59732;78538
79397:17883;92664
79398:17883;90046
79400:29108;62419
79401:26836;28445
79402:29103;
7944:7936;17883
7955:26836;7954
7963:29103;51354
7967:29103;51355
7977:1157;45081
79772:17883;135029
79813:17883;
79830:17883;
7984:29101;
79862:17883;
79912:17883;
79935:17996;
79948:29101;
79977:29101;
80010:17883;
80105:29101;
8021:27376;63617
80230:29103;
8025:44639;8024
8055:58261;
8061:26836;8060
8068:17883;8067
8070:29101;
8078:17883;8077
80781:17996;
8094:15378;17996;8093
81045:29356;49807
81055:15138;29108
81291:29101;
81303:29101;
81304:18420;44785
81686:18420;
81690:29101;456215
81692:32589;
81707:27376;
81708:29101;29226
81709:17883;
81710:17996;
81714:17883;135636
81718:29108;16382
81719:43451;30347
81722:29101;
81725:;
81735:17996;
81737:29101;
81741:29101;
81754:28938;77308
81755:29105;84295
81757:;3129
81772:17996;90548
81811:29101;
81834:27744;15739
81835:16134;27744
81836:49920;16189
81851:29108;15740
81854:29101;
81860:29101;30823
81862:29103;17544
81864:16134;15939
81881:49807;48597
81882:29356;16793
81903:17996;
81907:16234;29036
81908:29356;49552
81916:29101;
81934:29101;77308
81950:28938;
81973:29101;
81976:29101;27455
81983:29101;
82010:29101;138418
82014:;
82028:29036;;
82078:29101;
82081:15366;
82088:;
82182:29103;
82202:27455;
82210:30956;38214
8229:8228;17883
82293:29101;
82302:29101;
82303:17883;75372
82305:29101;88196
8231:;15858
8233:29101;52433
82368:;29101;
82369:29101;87105
82371:29101;
82375:17883;
82411:29101;
82414:29101;
82424:17883;34640
82425:29101;
82426:29101;
82427:29101;87093
82431:29101;57592
82435:37136;;
8246:15366;8245
82461:15741;51380
82466:;;;;
82467:29101;87636
82468:88292;29101
82471:29101;
82481:17883;135296
82522:29101;
82523:29103;
82525:17883;8463
82532:17883;28306
82538:29101;
82566:;;;;
82587:29101;
82600:29108;82601
82603:16467;82602
82615:40410;81724
82638:15858;82636
82662:15858;82666
82667:15858;82668
82739:17883;43385,83438
82817:17883;82813
82870:48107;82877
82871:48107;82872
82886:48107;82894
82888:48107;82897
82962:29101;82961
83101:83127;29034
83305:26078;82699
83309:17883;82700
83314:26836;82702
83333:26836;83330
83337:26836;83331
83353:15671;82752
8346:29103;16382
8355:17996;8354
8358:8357;17883
83592:48107;83587
83595:48107;83588
83596:15378;83588
83597:15378;83587
83606:48107;83602
83607:48107;83603
83608:48107;83604
8361:29101;63660
83611:15378;83604
83614:15378;83603
8365:15378;17996;8364
83669:48107;83666
83671:48107;83668
83673:15378;83668
83674:15378;83666
83691:48107;83684
83692:48107;83685
83698:15378;83684
83699:15378;83685
83800:17883;82977
83801:15378;82977
83841:18012;83839
83842:18012;83840
83843:15378;83839
83844:15378;83840
8389:29101;60050
83927:29101;83929
84033:49470;84034
84070:29101;29125
84119:17883;84116
8429:15378;17996;8428
8431:17883;8430
84333:17883;84338
8436:15378;30780;8435
8449:15378;17996;8448
84507:15671;
84556:29101;84558
84564:29101;84568
8460:15378;17996;8459
8462:17883;8461
8466:17883;63619
84743:17883;2639
84745:15378;2639
8482:15858;
8483:17996;8481
8492:15378;17996;8491
8494:17883;8493
8498:15378;17996;51173
84997:29101;18391
8500:15378;17996;8499
85062:16234;85318
85079:15377;29002;85078
85138:48828;30089
85157:17883;85161
85170:42465;85164
85172:15378;85164
85178:15377;29101;85181
85179:29101;85181
85192:29101;85193
85196:15377;85202
85264:29103;487869
85265:17996;85266
85363:29101;85486
85364:28938;15858
85381:29101;85380
85388:17883;9586
85611:17632;85612
85681:29101;86250
85969:17883;85966
85974:15377;27849;85973
85975:27849;85973
85976:15378;85973
85977:45696;85978
8598:17996;
85982:29101;85988
85991:78320;85990
85995:85994;27376
8604:15378;17996;51209
86126:29101;86125
86149:28938;15377;49786;16189
86151:28938;49786;16189
86153:15377;17996;37136
86156:15377;48775;17632
86157:15377;48775;16189
86158:15377;17996;29108
86159:15377;29108;17632
86202:15138;29033;29036
86204:49544;17632
86206:15377;49544;17632
86209:48828;17632
86214:15377;48828;17632
86222:15377;29101;38889
86230:29101;86227
86235:29033;41609
86238:15138;29033;29034
86244:28938;15377;
86249:15377;30812
86254:15377;30808
86257:49807;35404
86300:3231;46149
86318:15377;49553
86345:15377;18420;17996
86355:15377;18420;17996
86356:15377;29035;16189
86358:15377;29035;16189
86360:29035;16189
86364:15377;29035;16189
86368:15377;63041
86370:17883;86372
86373:15378;86372
86431:29101;42699
86463:49470;29103;16189
86465:15377;49470;29103;16189
86466:29103;15226
86471:29033;29396
86473:15377;29101;36264
86477:29101;17359
86481:29101;30066
86483:17883;86491
86495:15378;86491
8655:8654;50186
8666:;15858
86661:16382;
8682:90416;17996
8688:;50187;
86912:29103;
86996:17883;86991
86997:17883;86992
87009:15377;30046;16189
87011:15377;30046;16189
87014:15377;30046;16189
87052:29101;87062
87065:29101;87072
87073:29101;29034;87076
8708:15378;29806;8707
87094:29101;87099
87106:29101;87111
87112:29101;87116
8714:17883;8713
87175:1157;87462
87186:29101;87188
87189:29101;87191
87192:29101;87196
87194:18420;87518
87206:29101;87212
87214:29101;87216
87219:29101;87220
87226:29101;87231
87235:29101;87238
87236:17883;87283
87284:15378;87283
8733:4309;8732
87347:90408;17883
87352:17996;
87358:29101;87361
87367:29101;87371
87376:29101;87387
87394:29101;87396
87398:28938;87396
87461:17883;87589
87464:29101;87466
87468:29101;87470
87472:29101;87478
87484:87486;
87591:15378;87589
87627:17996;29105;87629
87637:17996;87638
87639:17996;87640
87641:17996;87642
87643:17996;87644
87645:17996;87646
87647:17996;87648
87649:17996;87650
87651:17996;87652
87663:75372;17883
87665:17883;87666
87668:87669;17883
87671:17883;87672
87675:17996;87680
8769:29101;49199
87708:17883;87724
87714:17883;87725
87739:29101;87743
87740:29101;87744
87741:29103;87743
87742:29103;87744
8777:15378;17996;8776
87798:60377;29101
87818:36252;29101
87819:29101;82982
88010:88012;17996
88016:88024;29101
88168:88171;88170
88173:88176;45696
88178:88181;29101
88183:88189;17996
88191:88193;29101
88197:88199;29101
88202:88204;29101
88205:88207;17883
88208:88207;15378
88209:88211;29101
88263:102484;28123
88279:29101;88281
8828:17996;52894
88283:88287;29101
88288:88289;15858;17996
88296:17996;88299
88303:88310;29101
88304:88309;29101
88314:17883;88320
88315:17883;88323
88321:29103;29356
88379:;15377
8865:17883;94440
8868:29101;
8875:48273;30746
8885:15858;8884
8889:8888;17883
8892:15378;30780;50122
8984:29101;23872
90106:17996;90107
90108:90110;17883
90112:29101;90115
9012:36108;64064
9016:17996;50958
90179:90181;17996
90200:90202;29101
90206:29101;90208
90211:90214;;
90287:90289;29101
90319:29101;90323
90368:90367;29101
90386:29108;90394
90387:29108;90395
90399:90403;29101
90405:17996;90410
90411:90410;30811
90518:17996;90520
90522:29101;90534
90623:15741;90620
90629:6426;26836
90688:6801;15378
90692:90693;16236
90699:28973;17883
90701:90704;29103
90836:90843;29101
90853:90851;18012
90861:50749;15377
90864:90863;26078
9087:17996;50350
90877:90879;17883
90881:80630;17883;15377
90911:90908;15377;17883
90912:90908;17883
90923:18012;90926
90932:17883;90933
90934:90933;15378
90937:15378;90936
90948:90943;27376
90949:90943;15378
90952:29101;90957
90959:90960;15858
90972:15858;
90973:;15858
90974:;15858
90993:18420;456216
90998:17883;47344
90999:131595;29101
91027:17033;17883
91028:57905;29101
91075:91076;17883
91080:91082;29101
91084:18012;;
91182:91185;17883
91188:91190;17883
91237:91239;29101
9124:17883;9123
91240:16199;28938;16189
91241:30623;28938
91242:;15377
91243:17996;29108;15377
91244:15377;48828;16189
91245:49553;15377
91246:16189;15377;29036
91247:17561,35235;17883
91248:17561,35235;17883;15377
91249:36264;28938
91250:29988;29101
91251:29101;36655
91256:29101;48597
91257:29101;48597;15377
91258:29101;43474;15377
91259:29101;43474;15377
91261:29101;15589
91262:29101;15588
91263:30780;29101
91318:;17996
9142:49468;33127
9176:29101;
9177:29101;23614
9179:29101;15377;7596
9180:29101;30762
9182:29101;59127
9207:17883;63622
9216:17883;9215
9217:15377;17883;9215
9254:18420;25629
93155:135610;50186
9317:30769;9316
9326:;77776
9327:29101;63857
9364:;29101
9397:15378;16947;41774
9399:15378;17996;9398
9405:29101;68628
94342:;15377
94360:;17514;49415
94397:77401;44229
94401:;;18420
9446:15378;15377;17996;9445
9450:9449;26836
94569:71260;29108
94635:;80383
9469:9468;17883
948:29101;
94822:76138;95217
94823:;;50186
94824:34665
94825:;;27784
94826:;
94828:5557
94829:;
94830:;
94831:5555
94832:;
94833:;;51344
94834:10055
94835:135610;
94836:6904
94837:135144
94838:16997;131730
94839:5856
94840:9725
94841:134765;
94842:6755
94844:27953
94846:;
94848:59771;39792,4636
9492:28674;
9496:17883;77278
9505:17996;7586
95075:;29101
95076:;29101
95139:;17514;49415
95252:;80383
95332:3127
95333:5280;
95334:;;51344
95335:421707
95336:;
95337:;39792,4636
95339:;
95360:;;50187;15377
9537:;29101
9546:29101;33215
9561:29101;61485
9589:15378;17996;9588
9600:18300;9599
9606:15377;17883;9605
9607:29101;
9609:63629;17883
9615:17883;28502
9619:29101;72213
9636:30769;9635
9653:;26836;
9655:17883;9654
9679:29108;18367
9702:15858;9701
9703:17996;9701
9704:16382;9701
9706:39501;17883
9710:15378;17996;45951
9712:15378;17996;9711
9721:17883;9720
9729:55408;9728
9919:17883;35854
9925:29101;60654
9940:15858;9939
9944:15378;17996;9943
9978:15377;45327
9984:26836;27375
30808:29034;13291
